No.,CompanyName,Location,Roles,Citizenship/Visa Requirements,Date Added mm/dd/yyyy
1,[Wolverine](https://www.wolve.com/open-positions)," Chicago, IL", [Entry-Level Software Engineer (Immediate Start)](https://jobs.lever.co/wolve/9652fd35-2a3c-4443-829d-0f13fa6e5c5a),Unable to Provide Sponsorship,9/10/2023
2,[Trimble](https://careers.mcdonalds.com/)," Westminster, CO"," [Software Engineer, Rotational Development Program](https://trimblecareers.trimble.com/careers?pid=171816509510&domain=trimble.com&sort_by=relevance)",-,9/10/2023
3,[Acuity Brands](https://careers.acuitybrands.com/), Remote   Remote, [Technology Leadership Program - Application Development](https://careers.acuitybrands.com/job/Conyers-Technology-Leadership-Program-Application-Development-GA-30012/1074082200/?feedId=275200&utm_source=Indeed&utm_campaign=Acuity_Indeed)   [Software Engineering Leadership Program](https://careers.acuitybrands.com/job/Conyers-Software-Engineering-Leadership-Program-GA-30012/1074079600/?feedId=275200&utm_source=Indeed&utm_campaign=Acuity_Indeed),-,9/10/2023
4,[McDonald's](https://careers.mcdonalds.com/)," Chicago, IL", [Software Development Engineering Program](https://careers.mcdonalds.com/software-development-engineering-program-summer-2024-start-date/job/26297471),-,9/10/2023
5,[Domino's](https://jobs.dominos.com/us/jobs/)," Ann Arbor, MI", [Technology Rotation Program](https://jobs.dominos.com/us/jobs/c07ee373-cf78-4537-a41f-a603d6b950e9/technology-rotation-program/),Unable to Provide Sponsorship,9/10/2023
6,[Samsara](https://app.ripplematch.com/company/samsara/)," Remote   San Francisco, CA", [Software Engineer (New Grad)](https://app.ripplematch.com/v2/public/job/23dc5330/details?from_page=company_branded_page)   [Firmware Engineer (New Grad)](https://app.ripplematch.com/v2/public/job/25523e9d/details?from_page=company_branded_page)    [QE Automation (New Grad)](https://app.ripplematch.com/v2/public/job/5b2e09ba/details?from_page=company_branded_page),-,9/9/2024
7,[ICF](https://icf.wd5.myworkdayjobs.com/en-US/ICFExternal_Career_Site), Remote, [Software Engineer (Remote; May 2024 Grad - Bachelors)](https://icf.wd5.myworkdayjobs.com/en-US/ICFExternal_Career_Site/job/Reston-VA/Software-Engineer--Remote--May-2024-Grad---Bachelors-_R2303590),Must be U.S. Citizen for security clearance,9/8/2023
8,[Wellington Management](https://www.wellington.com/en),Boston MA, [Software Engineering Track – Investment Services & Technology Early Career Program - Class of 2024](https://wellington.wd5.myworkdayjobs.com/Campus/job/Boston-MA-United-States/Software-Engineering-Track---Investment-Services---Technology-Early-Career-Program--Class-of-2024--Boston_R89503),Visa sponsorship unavailable,9/8/2023
9,[Blue Origin](https://www.blueorigin.com/)," Seattle, WA   West Texas, TX   Denver, CO   Huntsville, AL   Phoenix, AZ", [New Graduate / Early Career Engineer (Spring / Summer / Fall 2024 Start Date) – Avionics Software](https://blueorigin.wd5.myworkdayjobs.com/en-US/BlueOrigin/job/Seattle-WA/New-Graduate---Early-Career-Engineer--Spring---Summer---Fall-2024-Start-Date----Avionics-Software_R36296?source=Linkedin),"US Citizen, Permanent Resident",9/8/2023
10,"[IBM](https://www.ibm.com/careers/us-en/search/?filters=department:Software%20Engineering,level:Entry%20Level,primary_country:US)"," Atlanta, GA   Cambridge, MA   Chicago, IL   Dallas, TX   Houston, TX   New York, NY   San Francisco, CA   Washington DC", [Entry Level – Associate Developer – Commercial](https://careers.ibm.com/job/19013604/entry-level-associate-developer-commercial-remote/?codes=WEB_SEARCH_NA)  [Entry Level – Associate Developer (Federal)](https://careers.ibm.com/job/19013593/entry-level-associate-developer-federal-remote/?codes=WEB_SEARCH_NA),For the Federal position you must be U.S. Citizen for security clearance; Sponsorship not available for Associate Developer – Commercial,9/8/2023
11,[Okta](https://www.okta.com/company/careers/), Remote, [Software Engineer New Grad - Customer Identity Cloud](https://www.okta.com/company/careers/engineering/software-engineer-new-grad-customer-identity-cloud-5325611/)   [Quality Engineer New Grad - Customer Identity Cloud](https://www.okta.com/company/careers/engineering/quality-engineer-new-grad-customer-identity-cloud-5349073/) ,-,9/7/2023
12,[Applied Materials](https://www.appliedmaterials.com/us/en/careers/students-early-career.html)," Santa Clara, CA", **[Closed]** [Software Engineer (Front End Group) - New College Grad Opportunity](https://amat.wd1.myworkdayjobs.com/External/job/Santa-ClaraCA/Software-Engineer--Front-End-Group----New-College-Grad-Opportunity-_R2315575-1),-,9/7/2023
13,[Whatnot](https://www.whatnot.com/careers), Remote," [Software Engineer, 2024 New Grad](https://boards.greenhouse.io/whatnot/jobs/4957329004)",-,9/7/2023
14,[Silicon Labs]()," Austin, TX   Boston, MA", [Software Engineer - New College Graduate](https://silabs.wd1.myworkdayjobs.com/SiliconlabsCareers/job/Austin/Software-Engineer---New-College-Graduate_19510),-,9/6/2023
15,[Arup](https://www.arup.com/careers/early-careers/graduates)," New York, NY", **[Closed]**   [Graduate Software Developer (Available 2024)](https://jobs.arup.com/jobs/graduate-software-developer-available-2024-19920),Sponsorship not available,9/6/2023
16,[Ally](https://www.ally.com/about/careers/#)," Charlotte, NC", **[Closed]**   [2024 Early Talent - Technology Talent Development Program](),-,9/6/2023
17,[Citizens](https://jobs.citizensbank.com/digital-transformation)," Johnston, Rhode Island   Phoenix, Arizona  Iselin, New Jersey   Westwood, Massachusetts", **[Closed]**   [Software Engineer I - Technology Development Program (June 2024)](),-,9/6/2023
18,[Citi](https://jobs.citi.com/)," New York, NY   Jersey City, NJ   Tampa, FL   Mississauga, Canada", [Full Time Software Development Analyst – New York/New Jersey (US - 2024)](https://jobs.citi.com/job/new-york/nam-icg-technology-full-time-software-development-analyst-new-york-new-jersey-us-2024/287/53616360368)   [Full Time Software Development Analyst – Tampa (US - 2024)](https://jobs.citi.com/job/tampa/nam-icg-technology-full-time-software-development-analyst-tampa-us-2024/287/53607217568)   [Full Time Software Development Analyst – Mississauga (Canada - 2024)](https://jobs.citi.com/job/mississauga/nam-icg-technology-full-time-software-development-analyst-mississauga-canada-2024/287/53616360336),Does not offer sponsorship,9/6/2023
19,[HubSpot](https://www.hubspot.com/careers/students/entry-level?hubs_signup-cta=careers-apply)," Remote, US", [Software Engineer](https://www.hubspot.com/careers/jobs/5335674?hubs_signup-cta=careers-apply),-,9/6/2023
20,[OKX](https://www.okx.com/join-us)," San Jose, CA"," [Software Engineer, New Grad (Backend, Mobile)](https://boards.greenhouse.io/okx/jobs/5723183003)",-,9/6/2023
21,[InterSystems](https://www.intersystems.com/data-technology-company/careers/)," Cambridge, MA", [Core Development Program](https://www.intersystems.com/careers/careers-search/?gh_jid=5698667003)   [Solutions Development Program](https://www.intersystems.com/careers/careers-search/?gh_jid=5698671003),-,9/6/2023
22,[General Dynamics](https://gdmissionsystems.com/careers/students-and-recent-graduates)," Fairfax, VA", [Entry-Level Software Engineer](https://gdmissionsystems.com/careers/entry-level-software-engineer-fairfax-va-usa-2023-60691-opportunity),Must be U.S. Citizen for security clearance,9/6/2023
23,[Vanguard](https://www.vanguardjobs.com/students-and-recent-graduates/)," Charlotte, NC   Malvern, PA", [Entry Level Application Engineer – 2024 Start Date](https://www.vanguardjobs.com/job/18837091/entry-level-application-engineer-2024-start-date-charlotte-nc/)   [Entry Level Application Engineer – 2024 Start Date](https://www.vanguardjobs.com/job/18837090/entry-level-application-engineer---2024-start-date-malvern-pa/)   [Technology Leadership Program – Investment Systems](https://www.vanguardjobs.com/job/18843993/technology-leadership-program-investment-systems-nc-charlotte-nc/),Visa sponsorship not available,9/6/2023
24,[Peraton](https://careers.peraton.com/students-early-career)," Herndon, VA   Blacksburg, VA   Washington, D.C.", [Software Engineer (Entry-Level)](https://careers-peraton.icims.com/jobs/136579/software-engineer-%2528entry-level%2529--herndon%252c-va/job)   [Software Engineer (Entry-Level)](https://careers-peraton.icims.com/jobs/136578/software-engineer-%2528entry-level%2529--blacksburg%252c-va/job)   [Software Engineer (Entry-level)](https://careers-peraton.icims.com/jobs/136975/job?utm_source=indeed_integration&iis=Job+Board&iisn=Indeed&indeed-apply-token=73a2d2b2a8d6d5c0a62696875eaebd669103652d3f0c2cd5445d3e66b1592b0f&iis=HireClix&iisn=Indeed&mobile=false&width=1296&height=500&bga=true&needsRedirect=false&jan1offset=-300&jun1offset=-240),US Citizenship with the ability to obtain and maintain a TS/SCI security clearance and polygraph prior to starting,9/6/2023
25,[Bloomberg](https://www.bloomberg.com/company/careers/working-here/engineering/),, [Bloomberg Software Engineering Interest Form](https://bloomberg.recsolu.com/app/collect/form/zqOXkMeVrG7v_Tx8ly89Lw),-,9/6/2023
26,[Glean](https://www.glean.com/)," Palo Alto, CA", [Software Engineer](https://boards.greenhouse.io/gleanwork/jobs/4006730005?gh_src=2b96d8725us),-,9/5/2023
27,[ByteDance](https://jobs.bytedance.com/en/campus)," Seattle, WA   San Jose, CA", [Multiple Software Engineer Roles](https://jobs.bytedance.com/en/position?keywords=&category=&location=&project=7247019463362005306&type=2&job_hot_flag=&current=1&limit=10&functionCategory=&tag=),-,9/1/2023
28,[Globus Medical](https://globusmedical.synchr-recruit.com)," METHUEN, MA", [Associate Software Engineer](https://globusmedical.synchr-recruit.com/job/458797/associate-software-engineer),-,9/1/2023
29,[GEICO](https://geico.wd1.myworkdayjobs.com/External)," Chevy Chase, MD   Richardson, TX   Woodbury, NY   Indianapolis, IN   Macon, GA   Fredericksburg, VA ", [Technology Development Program – Software Engineer Development Track (SDP)](https://geico.wd1.myworkdayjobs.com/en-US/External/job/Chevy-Chase-MD/Technology-Development-Program---Software-Engineer-Development-Track--SDP----HYBRID_R0046034),"At this time, GEICO will not sponsor a new applicant for employment authorization for this position.",9/1/2023
30,[Honeywell](https://careers.honeywell.com/us/en),United States, [Computer/Software Engineer & Computer Science - Recent Grad/Full Time (US Person Required)](https://careers.honeywell.com/us/en/job/req413280/Computer-Software-Engineer-Computer-Science-Recent-Grad-Full-Time-US-Person-Requiredv)   [Computer/Software Engineer & Computer Science (Recent Grad/Full Time)](https://careers.honeywell.com/us/en/job/req412188/Computer-Software-Engineer-Computer-Science-Recent-Grad-Full-Time) ,U.S. Citizenship required for first posting,9/1/2023
31,[Hewlett Packard Enterprise](https://careers.hpe.com/us/en/careers-at-hpe),Multiple US Locations, [Software Engineering Graduate](https://careers.hpe.com/us/en/job/1160950/Software-Engineering-Graduate),-,9/1/2023
32,[Textron](https://www.textron.com/Careers),"Fort Worth, TX", [2024 Entry Level - Software Computer Science Engineering (July)](https://textron.taleo.net/careersection/textron_ur/jobdetail.ftl?job=1224126),Must be U.S. Citizen for security clearance,9/1/2023
33,[Johns Hopkins Applied Physics Laboratory](https://www.jhuapl.edu/careers),"Laurel, MD", **[Closed]**   [2024 Graduate - Ground Software Engineer – Ground Applications Group](),-,9/1/2023
34,[SeatGeek](https://seatgeek.com/jobs#job_listings),"New York, NY", **[Closed]**   [Software Engineer - New Grad](https://seatgeek.com/jobs/3788489),,9/1/2023
35,[Adept](https://www.adept.ai/careers),"San Francisco, CA"," [Software Engineer, University](https://boards.greenhouse.io/adept/jobs/4265377006)",Provides immigration and sponsorship support to new employees based on their unique circumstances.,8/31/2023
36,[Nvidia](https://www.nvidia.com/en-us/about-nvidia/careers/university-recruiting/),"Santa Clara, CA  Hillsboro, OR Durham, NC"," **[Closed]**   [ASIC Verification Engineer, GPU - New College Grad 2024]()",-,8/30/2023
37,[Lockheed Martin](https://www.lockheedmartin.com/en-us/careers/)," Edwards Air Force Base, California   Fort Worth, Texas   Marietta, Georgia   Palmdale, California", [Software Engineer - Early Career](https://www.lockheedmartinjobs.com/job/-/-/694/53680734256),U.S. Citizenship and Security Clearance Required,8/30/2023
38,[Ramp](https://ramp.com/careers),"New York, NY", [New Grad 2024 \| Software Engineer \| Backend](https://jobs.ashbyhq.com/ramp/29663a4b-c457-4a38-bbdf-069f189b20eb)   [New Grad 2024 \| Software Engineer \| Frontend](https://jobs.ashbyhq.com/ramp/0ae01d73-3f48-4722-9810-0c6c1940d7bd),-,8/30/2023
39,[Disco](https://csdisco.com/careers#job-listings),"New York, NY  Austin, TX", [SWE](https://www.csdisco.com/careers-listing?gh_jid=6885054002),Applicants must be authorized to work for ANY employer in the U.S.  They are unable to sponsor or take over sponsorship of an employment Visa at this time,8/30/2023
40,[OverDrive](https://company.overdrive.com/careers/),"Cleveland, OH", [Developer - Entry Level (Jan. 2024 or June 2024 start date)](https://company.overdrive.com/careers/?p=job/oP7HnfwK&nl=1#positions),-,8/30/2023
41,[Adobe](https://www.adobe.com/careers/university/graduates.html),"Seattle, WA", [2024 University Graduate - Software Development Engineer 1](https://careers.adobe.com/us/en/job/R139173/2024-University-Graduate-Software-Development-Engineer-1)   [2024 University Graduate - Software Development Engineer 2](https://careers.adobe.com/us/en/job/R139175/2024-University-Graduate-Software-Development-Engineer-2) ,-,8/30/2023
42,[Voleon](https://voleon.com/index.html%3Fp=124.html),"Berkeley, CA", [Software Engineer - University Hire 2024](https://jobs.lever.co/voleon/f3e13a88-25f0-4f25-ac46-3db3538fdbfa),Requires authorization to work in the United States,8/30/2023
43,[WebFX](https://www.webfx.com/careers/),"Harrisburg, PA", [Entry Level Software Engineer](https://jobs.lever.co/webfx/7c15f9e7-6ca5-4188-887e-3b147485c58f),-,8/30/2023
44,[Ascend Analytics](https://www.ascendanalytics.com/about-us/careers),"Boulder, CO", [Junior Software Engineer](https://www.ascendanalytics.com/about-us/careers?gh_jid=4303664005)   [Junior Software Engineer - July 2024](https://www.ascendanalytics.com/about-us/careers?gh_jid=4303704005),-,8/29/2023
45,[Ciena](https://ciena.wd5.myworkdayjobs.com/en-US/Careers)," Atlanta, GA   Baltimore, MD", [Waveserver Software Developer - New Grad](https://ciena.wd5.myworkdayjobs.com/en-US/Careers/job/Waveserver-Software-Developer---New-Grad_R023156)   [New Grad - Solutions Engineering](https://ciena.wd5.myworkdayjobs.com/en-US/Careers/job/Solutions-Engineering---Introduction---NextGen-Metro-Edge_R021739),-,8/29/2023
46,[Verkada](https://jobs.lever.co/verkada),"San Mateo, CA", [Backend Software Engineer - University Graduate 2024](https://jobs.lever.co/verkada/6270b7f2-aff1-4799-9036-be86aeb744f9)   [Embedded Software Engineer - University Graduate 2024](https://jobs.lever.co/verkada/b903bfce-fe9b-42a0-b9ea-b590a21c32b6)   [Frontend Software Engineer - University Graduate 2024](https://jobs.lever.co/verkada/4b78ef02-e936-4201-b04d-21063820a858)   [IOS Engineer - University Graduate 2024](https://jobs.lever.co/verkada/10843ffa-b107-4894-a391-4dfffbd832c4)   [Android Engineer - University Graduate 2024](https://jobs.lever.co/verkada/fdcdeb21-18b0-4aeb-8501-8892f04c0508)   [Security Software Engineer - University Graduate 2024](https://jobs.lever.co/verkada/3018dfbe-b567-4a42-a46a-3f6a06b01716) ,-,8/29/2023
47,[F5](https://www.f5.com/company/careers/university-program)," Seattle, WA   Boulder (Louisville), CO   Billerica, MA   San Jose, CA", [2024 University Graduates - Software Engineer](https://ffive.wd5.myworkdayjobs.com/en-US/f5jobs/details/XMLNAME-2024-University-Graduates---Software-Engineer_RP1028580?q=software%20engineer),-,8/29/2023
48,[Kikoff](https://jobs.lever.co/kikoff),"San Francisco, CA", [Software Engineer - Recent College Graduate](https://jobs.lever.co/kikoff/24c8623a-079a-4d0b-89fd-7f8ac0306cd2),Visa sponsorship available: Kikoff is willing to provide sponsorship for H1-B visas and U.S. green cards for exceptional talent.,8/29/2023
49,[Bloom Energy](https://bloomenergy.wd1.myworkdayjobs.com/en-US/BloomEnergyCareers),"San Jose, CA", **[Closed]**  [IT Software Engineer - New College Grad](https://bloomenergy.wd1.myworkdayjobs.com/en-US/BloomEnergyCareers/job/IT-Software-Engineer---New-College-Grad_JR-17774)   [Technical Support - New College Grad](https://bloomenergy.wd1.myworkdayjobs.com/en-US/BloomEnergyCareers/job/Technical-Support---New-College-Grad_JR-17768),-,8/29/2023
50,[Fidelity](https://jobs.fidelity.com/students/?keyword=%22internship%20opportunities%22%20OR%20%22intern%20program%22)," Durham, NC   Merrimack, NH   Smithfield, RI   Westlake, TX   Salt Lake City, UT", [2023 – 2024 Undergraduates – Leap: Full Stack Engineer](https://jobs.fidelity.com/job-details/18989155/2023-2024-undergraduates-leap-full-stack-engineer/),The LEAP program does NOT offer visa sponsorship.,8/28/2023
51,[Hudson River Trading](https://www.hudsonrivertrading.com/student-opportunities/),"New York, NY", [Software Engineer (C++) – 2024 Grads](https://www.hudsonrivertrading.com/careers/job/?_4118765=Full-Time%3A+New+Grad&q=software&gh_jid=5271700&req_id=437)   [Algorithm Developer – 2024 Grads](https://www.hudsonrivertrading.com/careers/job/?_4118765=Full-Time%3A+New+Grad&q=algorithm&gh_jid=5271551&req_id=433) ,-,8/28/2023
52,[Meta](https://www.metacareers.com/),"Menlo Park, CA"," [Software Engineer, Embodied AI (University Grad)](https://www.metacareers.com/v2/jobs/964058664857248/)",Work Auth Required,8/28/2023
53,[Aquatic Capital Management](https://boards.greenhouse.io/aquaticcapitalmanagement),"Chicago, IL", [Software Engineer: Early Career](https://boards.greenhouse.io/aquaticcapitalmanagement/jobs/6825791002)   [Quantitative Researcher: Early Career](https://boards.greenhouse.io/aquaticcapitalmanagement/jobs/6825774002),-,8/28/2023
54,[Netflix](https://jobs.netflix.com/new-grad-program),"Los Gatos, California", [New Grad Software Engineer (2024)](https://jobs.netflix.com/jobs/291980521),-,8/28/2023
55,[Morgan Stanley](https://www.morganstanley.com/),"New York, NY", [2024 Technology Full-Time Analyst Program](https://morganstanley.tal.net/vx/candidate/apply/15071),-,8/28/2023
56,[Guidehouse](https://guidehouse.com/),"McLean, VA <br/> Arlington, VA <br/> Atlanta, GA", [Consultant - Technology Advisory](https://guidehouse.wd1.myworkdayjobs.com/en-US/External/details/Consultant---Technology-Advisory---Campus-2024_12416?q=technology%20advisory&timeType=6e54b587e349016c4e0dc937c4035700),No sponsorship is available for this position,8/28/2023
57,[Anyscale](https://www.anyscale.com/careers),"San Francisco, CA", [Software Engineer (New Grad 2024)](https://jobs.lever.co/anyscale/2888fb5f-3489-46c0-b776-2a02004ce21b),-,8/24/2023
58,[Qualtrics](https://www.qualtrics.com/careers/us/en/search-results?m=3&keywords=New%20Grad)," Seattle, WA <br/>  Reston, VA <br/>  Provo, UT", [Software Engineer - New Grad](https://www.qualtrics.com/careers/us/en/search-results?m=3&keywords=New%20Grad),Sponsorship not available,8/24/2023
59,[LexisNexis](https://www.lexisnexis.com/en-us/about-us/careers.page)," Raleigh, NC   Miamisburg, OH   Alpharetta, GA, Boca Raton, FL, Dayton, OH, Minneapolis, MN"," [Aspire Program, Early Career - Software Engineer I](https://www.lexisnexis.com/systems/careers/job-detail.html?f=Software%20Engineering&r=10&s=0&g=&t=&l=USA%20-%20All&j=R63876#)   [Aspire Program, Early Career -Data Scientist I](https://relx.wd3.myworkdayjobs.com/en-US/LexisNexisLegal/job/Aspire-Tech-Program---Data-Scientist-I_R63877)   [Software Engineer I](https://relx.wd3.myworkdayjobs.com/en-US/RiskSolutions/job/Alpharetta-GA/Software-Engineer-I_R64836)",-,8/23/2023
60,[General Motors](https://search-careers.gm.com/en/early-careers/)," Austin, TX <br/>  Detroit, MI <br/>  Warren, MI <br/>  Chandler, AZ <br/>  Roswell, GA", [Entry-Level Information and Digital Technology](https://search-careers.gm.com/en/jobs/jr-202316188/entry-level-information-and-digital-technology-coding-skills-required/),Work Auth Required,8/23/2023
61,[McMaster-Carr](https://app.ripplematch.com/v2/public/job/0bd0b81f/details?utm_source=RM&utm_medium=organic_social&utm_campaign=growth_github&utm_content=role&utm_term=null),"Chicago, IL", **[Closed]**   [Software Development & Design](https://app.ripplematch.com/v2/public/job/0bd0b81f/details?utm_source=RM&utm_medium=organic_social&utm_campaign=growth_github&utm_content=role&utm_term=null),-,8/23/2023
62,[Scale AI](https://scale.com/careers),"San Francisco, CA", [Software Developer - New Grad](https://scale.com/careers/4305866005)   [Machine Learning Research Engineer - New Grad](https://scale.com/careers/4305880005),-,8/23/2023
63,[CGI](https://www.cgi.com/en/careers),"Fairfax, VA", [Software Developer - Entry Level](https://cgi.njoyn.com/CORP/xweb/XWeb.asp?NTKN=c&clid=21001&Page=JobDetails&Jobid=J0823-1140&BRID=1074871&lang=1),U.S. Citizenship required,8/22/2023
64,[Eaton](https://www.wayup.com/i-Manufacturing-j-Eaton-Development-Program-Engineering-Technology-Software-Eaton-557754123495770/?utm_source=linkedin-xml&utm_medium=jobxml&utm_campaign=linkedin-XML-APPS-5630551-32795776&refer=lnkslot-APPS-5630551-32795776),"Beachwood, OH", **[Closed]**   [Eaton Development Program: Engineering Technology- Software](https://www.wayup.com/i-Manufacturing-j-Eaton-Development-Program-Engineering-Technology-Software-Eaton-557754123495770/?utm_source=linkedin-xml&utm_medium=jobxml&utm_campaign=linkedin-XML-APPS-5630551-32795776&refer=lnkslot-APPS-5630551-32795776),Sponsorship Not Available,8/22/2023
65,[PMG Worldwide](https://www.pmg.com/careers/graduate-opportunities),"Boston, MA", [Multiple New Grad Technology Roles](https://www.pmg.com/careers/job-openings?department=GLP#find-your-dream-job),Sponsorship not available,8/22/2023
66,[Oracle](https://eeho.fa.us2.oraclecloud.com/hcmUI/CandidateExperience/en/sites/jobsearch/requisitions?keyword=new+grad&location=United+States&locationId=300000000149325&locationLevel=country&mode=location)," Redwood City, CA   Austin, TX", [Software Engineer - Applications Development](https://eeho.fa.us2.oraclecloud.com/hcmUI/CandidateExperience/en/sites/jobsearch/job/211248)   [Software Engineer - NetSuite](https://eeho.fa.us2.oraclecloud.com/hcmUI/CandidateExperience/en/sites/jobsearch/job/211259)   [Software Engineer - Corporate Architecture](https://eeho.fa.us2.oraclecloud.com/hcmUI/CandidateExperience/en/sites/jobsearch/job/211253)   [Software Engineer - Database Technologies](https://eeho.fa.us2.oraclecloud.com/hcmUI/CandidateExperience/en/sites/jobsearch/job/211157)   [Software Engineer - Analytics Cloud](https://eeho.fa.us2.oraclecloud.com/hcmUI/CandidateExperience/en/sites/jobsearch/job/211163)   [Software Engineer - Global Business Unit](https://eeho.fa.us2.oraclecloud.com/hcmUI/CandidateExperience/en/sites/jobsearch/job/211148),Sponsorship not available,8/21/2023
67,[Mastercard](https://careers.mastercard.com/us/en/student-fulltime-jobs)," O'Fallon, MO   Salt Lake City, UT   Atlanta, GA "," [Software Engineer, Launch Program 2024](https://careers.mastercard.com/us/en/job/R-201213/Software-Engineer-Launch-Program-2024-United-States) ",work authorization sponsorship not eligible,8/21/2023
68,[John Hancock](https://manulife.wd3.myworkdayjobs.com/en-US/MFCJH_Jobs/job/Boston-Massachusetts/Software-Engineering-New-Graduate-Program-2024_JR23070949-2?q=software%20new%20graduate),"Boston, MA", [Software Engineering New Graduate Program 2024](https://manulife.wd3.myworkdayjobs.com/en-US/MFCJH_Jobs/job/Boston-Massachusetts/Software-Engineering-New-Graduate-Program-2024_JR23070949-2?q=software%20new%20graduate),-,8/21/2023
69,[Appian](https://appian.com/),"McLean, VA", [Information Security Engineer](https://app.ripplematch.com/v2/public/job/a669f82a/details?utm_source=RM&utm_medium=organic_social&utm_campaign=growth_github&utm_content=role&utm_term=null),-,8/21/2023
70,[Polaris](https://www.polaris.com/en-us/),"Plymouth, MN", [Digital & Information Technology Leadership Development Program](https://polaris.wd5.myworkdayjobs.com/PolarisJobs/job/Plymouth-MN-USA/Digital---Information-Technology-Leadership-Development-Program_R19546),This position is not eligible for sponsorship,8/21/2023
71,[Figma](https://www.figma.com/)," San Francisco, CA   New York, NY"," [Software Engineer - Early Career (2024)](https://boards.greenhouse.io/figma/jobs/4941380004) <br/>  [Data Science, Early Career (2024)](https://app.ripplematch.com/v2/public/job/0b42900f/details?utm_source=Github&utm_medium=organic_social&utm_campaign=growth_github&utm_content=mt_repo&utm_term=null)",-,8/21/2023
72,[FedEx Dataworks](https://careers.fedex.com/dataworks)," Remote, US", **[Closed]**    [Software Engineer I - Backend](),Sponsorship not provided,8/21/2023
73,[Intel](https://www.intel.com/content/www/us/en/jobs/jobs-at-intel.html)," Phoenix, AZ   Albuquerque, NM   Hillsboro, OR   Austin, TX   Folsom, CA   Santa Clara, CA   Atlanta, GA", [College Graduate - Computer Science - (Bachelors)](https://jobs.intel.com/en/job/phoenix/college-graduate-computer-science-bachelors/41147/52814561408)   [College Graduate - Computer Engineering - (Bachelors)](https://jobs.intel.com/en/job/phoenix/college-graduate-computer-engineering-bachelors/41147/52814605072)   [College Graduate - Data Science (BS/MS)](https://intel.wd1.myworkdayjobs.com/en-us/external/job/US-Arizona-Phoenix/College-Graduate---Data-Science--BS-MS-_JR0247231?utm_source=Simplify),-,8/18/2023
74,[Vatic Investments](http://www.vaticinvestments.com/careers/)," New York, New York", [Software Engineer (Full Time)](http://www.vaticinvestments.com/careers/?gh_jid=53508)   [Quantative Researcher (Full Time)](http://www.vaticinvestments.com/careers/?gh_jid=53549)   [Algorithmic Trader (Full time)](http://www.vaticinvestments.com/careers/?gh_jid=72038),-,8/18/2023
75,[Stripe](https://stripe.com/jobs/)," San Francisco, CA   Chicago, IL   Seattle, WA"," [Software Engineering, New Grad](https://stripe.com/jobs/listing/software-engineering-new-grad/5305676)",-,8/18/2023
76,[Tencent](https://careers.tencent.com/en-us/campusrecruit.html),"Palo Alto, CA  Los Angeles, CA"," [Multiple New grad Technology Roles](https://careers.tencent.com/en-us/search.html?query=at_2,co_2,ot_40001001,ot_40001002,ot_40001003,ot_40001004,ot_40001005,ot_40001006&sc=2)",-,8/17/2023
77,[Applied Intuition](https://www.appliedintuition.com/careers#job-listings),"Mountain View, CA", [Product Application Engineer - New Grad](https://boards.greenhouse.io/appliedintuition/jobs/4045211005?gh_jid=4045211005)   [Software Engineer - New Grad](https://boards.greenhouse.io/appliedintuition/jobs/4296158005?gh_jid=4296158005),-,8/16/2023
78,[Wells Fargo](https://www.wellsfargojobs.com/en/)," Charlotte, NC   Minneapolis, MN   New York, NY   Phoenix, AZ   St. Louis, MO   San Francisco, CA", [2024 Technology Early Career Development Program (Software or Data Engineer)](https://www.wellsfargojobs.com/en/jobs/r-298781/2024-technology-early-career-development-program-software-or-data-engineer/),Work Authorization required; Visa sponsorship not available,8/16/2023
79,[Susquehanna International Group (SIG)](https://careers.sig.com/),"Philadelphia, PA", [Software Developer - Campus 2024 Start (expression of interest)](https://careers.sig.com/job/7286/Software-Developer-Campus-2024-Start-Expression-of-Interest)  [Systems Engineer - Campus](https://careers.sig.com/job/7403/Systems-Engineer-Campus) [Security Engineer - Campus](https://careers.sig.com/job/7259/Security-Engineer-Campus),Visa sponsorships are available,8/14/2023
80,[EAB](https://eab.com/)," Birmingham, AL   Washington, D.C.   Richmond, VA", [Entry Level Associate Data Engineer](https://recruit.hirebridge.com/v3/Jobs/JobDetails.aspx?cid=7856&jid=591764&locvalue=1034)   [Entry Level Associate Data Engineer](https://recruit.hirebridge.com/v3/Jobs/JobDetails.aspx?cid=7856&jid=591764&locvalue=1033)   [Entry Level Associate Data Engineer](https://recruit.hirebridge.com/v3/Jobs/JobDetails.aspx?cid=7856&jid=591764&locvalue=1032),-,8/13/2023
81,[Radix Trading](https://radixtrading.co/),"Chicago, IL", [Multiple New grad Quant and Engineering Roles](https://boards.greenhouse.io/radixuniversity),-,8/12/2023
82,[Carrier](https://www.carrier.com/),"Palm Beach Gardens, FL", [Digital Technology Leadership Program](https://jobs.carrier.com/job/palm-beach-gardens/digital-technology-leadership-program/29289/52360980624),U.S. Citizen or Permanent Resident Required,8/11/2023
83,[Instacart](https://instacart.careers/current-openings/)," Toronto, ON Canada"," **[Closed]**   [Full Stack Software Engineer, Instacart App Growth Activation & Resurrection (New Grad)](https://instacart.careers/job/?gh_jid=5293409)",-,8/11/2023
84,[Cisco](https://jobs.cisco.com/jobs/SearchJobs/?21178=%5B169482%5D&21178_format=6020&21180=%5B164%5D&21180_format=6022&listFilterMode=1)," San Jose, CA", [Multiple Early in Career Engineering Roles](https://jobs.cisco.com/jobs/SearchJobs/?21178=%5B169482%5D&21178_format=6020&21180=%5B164%5D&21180_format=6022&21181=%5B187%5D&21181_format=6023&listFilterMode=1),Visa sponsorship might not be available,8/11/2023
85,[Spectrum](https://www.spectruminc.com/careers/)," Chicago, IL   Boca Raton", [Junior Software Back End Developer](https://www.spectruminc.com/careers/detail/?id=798192808143717787),-,8/10/2023
86,[TikTok](https://careers.tiktok.com/position?keywords=&category=&location=&project=7247019463362005306&type=2&job_hot_flag=&current=1&limit=10&functionCategory=&tag=&spread=5MWH5CQ)," San Jose, CA   Seattle, WA "," [Multiple Grad SWE, Machine Learning, Research Grad, Other Tech Roles - 2024 Start (BS/MS/PhD)](https://careers.tiktok.com/position?keywords=&category=&location=CT_1103355%2CCT_157&project=7247019463362005306%2C7256965535018617148&type=2&job_hot_flag=&current=1&limit=10&functionCategory=&tag=)",Work Auth required for few roles   *Can only apply to two new grad positions at a time during current cycle.*,8/10/2023
87,[Roblox](https://corp.roblox.com/),"San Mateo, CA", [Software Engineer - New Grads 2024](https://careers.roblox.com/jobs/5221252?gh_jid=5221252&gh_src=da92d0c91),Visa sponsorship might not be available,8/10/2023
88,[Deloitte](https://www2.deloitte.com/us/en/careers/careers.html),Multiple US Locations, **[Closed]**   [Full Time Software Engineer (Tax Transformation)](),-,8/9/2023
89,[PayPal]()," San Jose, CA   Chicago, IL   Scottsdale, AZ   New York City, NY   Austin, TX", **[Closed]**   [Software Engineer - Recent Graduate](),Work Auth Required,8/9/2023
90,[Boeing](https://jobs.boeing.com/entry-level)," Seattle, WA   Hazelwood, MO   North Charleston, SC", **[Closed]**  [IT Career Foundation Program - 2024](https://jobs.boeing.com/job/seattle/it-career-foundation-program-2024/185/52060570816)  [Entry Level Software Engineer](https://jobs.boeing.com/job/hazelwood/entry-level-software-engineer/185/53005463872),U.S. Citizen or Permanent Resident Required,8/8/2023
91,[StubHub](https://jobs.lever.co/StubHubHoldings?department=StubHub),"New York, NY", **[Closed]**    [Software Engineer I - New Graduates](https://jobs.lever.co/StubHubHoldings/2d1ff001-965d-444e-9e73-04f0f1e62446),-,8/7/2023
92,[WeRide.ai](https://www.weride.ai/),"San Jose, CA", [Software Engineer - New Grads 2024](https://jobs.lever.co/weride/6ee0e3cc-4f36-4224-a9b9-f5e79247ebef),-,8/7/2023
93,[X1](https://jobs.lever.co/x1creditcard/),Remote, **[Closed]**   - [New Grad Software Engineer (Backend)]()   - [New Grad Software Engineer (Product)](),-,8/7/2023
94,[U.S. Bank](https://careers.usbank.com/global/en/home),"Richfield, MN", **[Closed]**   [2024 Engineering Rotational Program](https://careers.usbank.com/global/en/job/2023-0023298/2024-Engineering-Rotational-Program),-,8/7/2023
95,[Belvedere Trading](http://www.belvederetrading.com/jobs),"Chicago, IL", [Software Engineer - Entry Level 2024 Chicago](https://jobs.lever.co/belvederetrading/d9596403-6195-4af3-9e41-279d2dd6ef4e)   [Junior Quantitative Trading Analyst - Entry Level 2024 Chicago](https://jobs.lever.co/belvederetrading/e85965d8-23f2-472d-901f-d86a01c837d0),-,8/4/2023
96,[Databricks](https://www.databricks.com/company/careers/open-positions?department=Universityrecruiting&location=all),"Mountain View, CA  San Francisco, CA  Bellevue, WA"," [Software Engineer - New Grad (2024 Start) - Mountain View, CA](https://www.databricks.com/company/careers/university-recruiting/software-engineer---new-grad-2024-start-6865698002?gh_jid=6865698002&gh_src=62a881d62)   [Software Engineer - New Grad (2024 Start) - San Francisco, CA](https://www.databricks.com/company/careers/university-recruiting/software-engineer---new-grad-2024-start-6866540002)   [Software Engineer - New Grad (2024 Start) - Bellevue, WA](https://www.databricks.com/company/careers/university-recruiting/software-engineer---new-grad-2024-start-6866542002)   [Software Engineer - New Grad, Distributed Data Systems (2024 Start) - Mountain View, CA](https://www.databricks.com/company/careers/university-recruiting/software-engineer---new-grad-distributed-data-systems-2024-start-6865704002)   [Software Engineer - New Grad, Distributed Data Systems (2024 Start) - Bellevue, WA](https://www.databricks.com/company/careers/university-recruiting/software-engineer---new-grad-distributed-data-systems-2024-start-6866556002)   [Data Scientist - New Grad (2024 Start) - San Francisco, CA](https://www.databricks.com/company/careers/university-recruiting/data-scientist---new-grad-2024-start-6866554002?gh_jid=6866554002&gh_src=62a881d62)",,8/4/2023
97,[PEAK6](https://peak6.com/careers/),"Chicago, IL", [Software Engineer I - Campus Entry Level](https://careers.peak6.com/jobs/technology/chicago-illinois-united-states-of-america/software-engineer-i-campus-entry-level/JR100526),Legal auth to work in the US,8/3/2023
98,[IMC Financial Markets](https://careers.imc.com/us/en/student-opportunities),"Chicago, IL", [Graduate Hardware Engineer](https://careers.imc.com/us/en/job/REQ-03086/Graduate-Hardware-Engineer)   [Graduate Software Engineer](https://careers.imc.com/us/en/job/REQ-03081/Graduate-Software-Engineer)   [Graduate Quant Trader](https://careers.imc.com/us/en/job/REQ-03082/Graduate-Quant-Trader)   [Graduate Quant Researcher (Masters or PhD)](https://careers.imc.com/us/en/job/REQ-03084/Graduate-Quant-Researcher),-,8/3/2023
99,[Veeva](https://www.veeva.com/)," Toronto, CA   Multiple US Locations", **[Closed]**   [Associate Software Engineer Grad](),-,8/2/2023
100,[PNC](https://careers.pnc.com/global/en/students)," Pittsburgh, PA <br/>  Cleveland, OH <br/>  Birmingham, AL <br/>  Dallas, TX", [Technology Development Program](https://careers.pnc.com/global/en/job/R141797/Technology-Development-Program%C2%A0),-,8/2/2023
101,[Palantir](https://www.palantir.com/careers/#open-positions),"New York, NY"," [Forward Deployed Software Engineer, New Grad](https://jobs.lever.co/palantir/8dcdb586-46ae-4f94-9d05-7f1989400049)   [Software Engineer, New Grad](https://jobs.lever.co/palantir/94984771-0704-446c-88c6-91ce748f6d92)",-,8/1/2023
102,[Gecko Robotics](https://www.geckorobotics.com/)," Boston, MA <br/>  Pittsburgh, PA <br/>  New York City, NY", [Software Engineer - New Grad](https://www.geckorobotics.com/careers/apply?gh_jid=5695200003&gh_src=2f1f94f93us)   [Software Engineer - Robot Systems - New Grad](https://www.geckorobotics.com/careers/apply?gh_jid=5709265003)   [Forward Deployed Engineer - New Grad](https://www.geckorobotics.com/careers/apply?gh_jid=5698627003),Visa sponsorship might not be available,7/31/2023
103,[Sentry.io](https://sentry.io/welcome/),"San Francisco, CA"," [Software Engineer, New Grad (2024)](https://boards.greenhouse.io/sentry/jobs/5193895)",Visa sponsorship is not available,7/31/2023
104,[Akuna Capital](https://akunacapital.com/),Chicago US, [Software Engineer (Entry Level) - C++](https://akunacapital.com/job-details?gh_jid=5136022)   [Platform Engineer (Entry Level)](https://akunacapital.com/job-details?gh_jid=5097583)   [Performance Engineer (Entry Level)](https://akunacapital.com/job-details?gh_jid=5083320),-,7/29/2023
105,[Chevron](),Multiple US Locations, [2023-2024: Information Technology – Software Engineering – Full Time](https://chevron.wd5.myworkdayjobs.com/University/job/Houston-Texas-United-States-of-America/XMLNAME-2023-2024--Information-Technology---Software-Engineering---Full-Time_R000043422),U.S. Citizen or Permanent Resident Required,7/20/2023
106,[Five Rings](https://fiverings.com/positions/),"New York, NY", [Software Developer – Campus Full-Time 2024 ](https://fiverings.avature.net/careers/FolderDetail/New-York-New-York-United-States-Software-Developer-Campus-Full-Time-2024/641)   [Quantitative Researcher – Campus Full-Time 2024](https://fiverings.avature.net/careers/FolderDetail/New-York-New-York-United-States-Quantitative-Researcher-Campus-Full-Time-2024/648)   [Quantitative Trader – Campus Full-Time 2024](https://fiverings.avature.net/careers/FolderDetail/New-York-New-York-United-States-Quantitative-Trader-Campus-Full-Time-2024/644),-,7/20/2023
107,[Jane Street](https://www.janestreet.com/join-jane-street/open-roles/?type=full-time-new-grad&location=new-york),"New York, NY", [New Grad SWE](https://www.janestreet.com/join-jane-street/position/6834646002/)   [New Grad Quant Researcher](https://www.janestreet.com/join-jane-street/position/6837502002/)   [New Grad Quant Trader](https://www.janestreet.com/join-jane-street/position/6837725002/)   [Other roles](https://www.janestreet.com/join-jane-street/open-roles/?type=full-time-new-grad&location=new-york),-,7/18/2023
108,[Optiver](https://optiver.com/working-at-optiver/career-opportunities/?numberposts=0&paged=1&tax_query[Level]=27)," Austin, TX   Chicago, IL", [Graduate Software Engineer (2024 Start – Austin)](https://optiver.com/working-at-optiver/career-opportunities/6837072002)   [Graduate Software Engineer (2024 Start – Chicago)](https://optiver.com/working-at-optiver/career-opportunities/6835570002/),-,7/17/2023
109,[IXL](https://www.ixl.com/company/careers?gh_jid=6843329002&gh_src=e358d0722&gh_src=9ab9c2a12),"San Mateo, CA", [New Grad SWE](https://www.ixl.com/company/careers?gh_jid=6843329002&gh_src=e358d0722&gh_src=9ab9c2a12),-,7/13/2023
110,[DRW](https://boards.greenhouse.io/drweng/jobs/5138660),"Chicago, IL <br/> Houston, TX", [Software Developer](https://boards.greenhouse.io/drweng/jobs/5138660)   [C++ Software Developer](https://boards.greenhouse.io/drweng/jobs/5152775),-,7/11/2023
111,[Trane Technologies](https://careers.tranetechnologies.com/global/en/),"St. Paul, MN <br/> Tyler, TX", **[Closed]**   [2024 Accelerated Development Program - Engineering](),Work Auth Required,7/11/2023
112,[CAT Digital](),Multiple US Locations, **[Closed]**    [New Grad SWE]()   [New Grad Data Scientist]()   [New Grad Business Analyst](),-,7/7/2023
113,[Two Sigma](https://careers.twosigma.com/careers/SearchJobs/),"New York, NY", [Quantitative Researcher - Full-Time Campus Hire](https://careers.twosigma.com/careers/SearchJobs/campus?listFilterMode=1),-,7/7/2023
114,[McKinsey & Company](https://www.mckinsey.com/careers/search-jobs/jobs/softwareengineer-universitystudents-79400),Multiple US Locations, **[Closed]**    - [New Grad SWE]()  - [New Grad Data Engineer](),-,7/6/2023
115,[Citadel](https://www.citadel.com)," New York, NY   Chicago, IL   United States", [Software Engineer – Full Time (US) ](https://www.citadel.com/careers/details/software-engineer-full-time-us/),-,7/6/2023
116,[JPMorgan Chase & Co.](https://jpmc.fa.oraclecloud.com/hcmUI/CandidateExperience/en/sites/CX_1001/requisitions?mode=location)," New York, NY   Columbus, OH   United States", [2024 Full-time Sofware Engineer Program ](https://jpmc.fa.oraclecloud.com/hcmUI/CandidateExperience/en/sites/CX_1001/job/210432967) ,Work Auth required,7/5/2023
117,[Goldman Sachs](https://www.goldmansachs.com/careers/students/programs/americas/new-analyst-program.html)," Dallas, TX   New York, NY   United States"," [All Tech Roles (SWE, Quant, etc) ](https://www.goldmansachs.com/careers/students/programs/americas/new-analyst-program.html)",-,7/1/2023
118,[Old Mission Capital](https://www.oldmissioncapital.com/careers/),"Chicago, IL", [College Graduates - Full-Time - Junior Software Engineer (2024)](https://www.oldmissioncapital.com/careers/?gh_jid=5643831003),-,6/30/2023
119,[Lockheed Martin](https://www.lockheedmartinjobs.com/job/owego/software-engineer-early-career/694/50929022432)," Owego, New York   Grand Prairie, TX", **[Closed]**   [Software Engineer - Early Career](),U.S. Citizenship and Security Clearance Required,6/28/2023
120,[LTIMindtree](),Multiple US Locations, **[Closed]**   [Digital Technology Associate Program](),-,6/20/2023
121,[Leidos](),"Manassas, VA  Bethesda, MD", **[Closed]**   [Software Developer - Entry](),-,6/20/2023
122,[Molson Coors](https://app.ripplematch.com/v2/public/job/2ff33150/details?utm_source=Github&utm_medium=organic_social&utm_campaign=growth_github&utm_content=molson&utm_term=null),"Milwaukee, WI  Fort Worth, TX", **[Closed]**   [IT Technology Solution Specialist (Rotational Program)](),-,6/20/2023
123,[MathWorks](https://www.mathworks.com/company/jobs/opportunities/16217-multiple-openings-engineering-development-group-u-s?id=16217&s_eid=Rci_19210&source=19210),"Natick, MA, US", [Multiple Openings - Engineering Development Group - U.S.](https://www.mathworks.com/company/jobs/opportunities/16217-multiple-openings-engineering-development-group-u-s?id=16217&s_eid=Rci_19210&source=19210),-,6/18/2023
124,[Boston Dynamics](https://bostondynamics.wd1.myworkdayjobs.com/en-US/Boston_Dynamics/job/Waltham-Office/Rotational-Development-Engineer_R1051),"Waltham, MA", **[Closed]**   [Rotational Development Engineer](),-,6/12/2023
125,[Capgemini](https://www.capgemini.com/jobs/N92ZBYcBf9EzbUpvy_Nu/071398-technology-consultant---new-york---campus-recruiting-2024/?utm_source=Indeed&utm_medium=organic&utm_campaign=Indeed&idOrigine=1522&jobPipeline=Indeed),"New York, NY", [Tech Consultant](https://www.capgemini.com/jobs/N92ZBYcBf9EzbUpvy_Nu/071398-technology-consultant---new-york---campus-recruiting-2024/?utm_source=Indeed&utm_medium=organic&utm_campaign=Indeed&idOrigine=1522&jobPipeline=Indeed),U.S. Citizen or Permanent Resident Required,6/12/2023
126,[Qualtrics](https://app.ripplematch.com/v2/public/job/4d7314b0/details?utm_source=Github&utm_medium=organic_social&utm_campaign=growth_github&utm_content=qualtrics&utm_term=null),"Provo, UT", [Product Specialist](https://app.ripplematch.com/v2/public/job/4d7314b0/details?utm_source=Github&utm_medium=organic_social&utm_campaign=growth_github&utm_content=qualtrics&utm_term=null),-,6/12/2023
127,[Dynatrace](),"  Denver, CO   San Mateo, CA   Detroit, MI   U.S. Remote", **[Closed]**   [Software Delivery Consultant](),-,6/10/2023
128,[SRC Inc.](https://jobs.jobvite.com/careers/src-inc/job/olAQmfwR?__jvst=Internet%20Job%20Board&__jvsd=Indeed)," Syracuse, NY   Herndon, VA   San Antonio, TX", **[Closed]**   [Early Career Software Engineer](),-,6/10/2023
129,[Tractor Supply Company](https://www.tractorsupply.careers/job/Brentwood-IT-Development-Rotation-Program-Trainee-%28Jan-2024-Start%29-TN-37027/1007733300/?&utm_campaign=TSC_IN),"Brentwood, TN", **[Closed]**   [IT Development Rotation Program Trainee](),-,6/10/2023
130,[Meta]()," Menlo Park, CA   New York, NY   U.S. Remote", **[Closed]**   [New Grad Software Engineer](),-,6/9/2023
131,[GE Appliances](),"Louisville, KY", **[Closed]**   [Edison Engineering Development Program - Software](),-,6/7/2023
132,[GE Aeroespace]()," Dayton, OH   Grand Rapids, MI   Clearwater, FL", **[Closed]**   [Tech \| Software Development](),U.S. Citizen or Permanent Resident Required.,6/7/2023
133,[Blue Origin](https://www.blueorigin.com/careers),"Seattle, WA", **[Closed]**   [Software Engineer]()  - Must graduate by or before Summer 2023,U.S. Citizen or Permanent Resident Required.,6/3/2023
134,[PerPay](https://boards.greenhouse.io/perpay/jobs/4034578007),"Philadelphia, PA", [Software Engineer (SWE)](https://boards.greenhouse.io/perpay/jobs/4034578007),-,5/23/2023
135,[BlackRock](https://careers.blackrock.com/early-careers/americas/?2023-2024#tab-id-13)," Atlanta, GA   San Francisco, CA   New York, NY"," [SWE, PM, Quant](https://blackrock.tal.net/vx/lang-en-GB/mobile-0/brand-3/xf-232eb66ac89a/candidate/so/pm/1/pl/1/opp/7893-Analyst-Program-Americas/en-GB) - [See Desc PDF](https://static.wcn.co.uk/company/blackrock/JobDescription23/BlackRock_2023-2024_Software_Engineering_Job_Description.pdf)",-,5/20/2023
